"Afghanistan","Falling water - total hydraulic resources","2008","Kilowatt-hours, million","394000",""
"Afghanistan","Falling water - total hydraulic resources","1995","Kilowatt-hours, million","0",""
"Afghanistan","Falling water - total hydraulic resources","1993","Kilowatt-hours, million","0",""
"Albania","Falling water - total hydraulic resources","2008","Kilowatt-hours, million","40000",""
"Albania","Falling water - total hydraulic resources","2005","Kilowatt-hours, million","40000",""
"Albania","Falling water - total hydraulic resources","1997","Kilowatt-hours, million","13000",""
"Albania","Falling water - total hydraulic resources","1995","Kilowatt-hours, million","20000",""
"Albania","Falling water - total hydraulic resources","1993","Kilowatt-hours, million","20000",""
"Albania","Falling water - total hydraulic resources","1990","Kilowatt-hours, million","20000",""
"Algeria","Falling water - total hydraulic resources","2008","Kilowatt-hours, million","12000",""
"Algeria","Falling water - total hydraulic resources","2005","Kilowatt-hours, million","12000",""
"Algeria","Falling water - total hydraulic resources","1997","Kilowatt-hours, million","12000",""
"Algeria","Falling water - total hydraulic resources","1995","Kilowatt-hours, million","12000",""
"Algeria","Falling water - total hydraulic resources","1993","Kilowatt-hours, million","12000",""
"Angola","Falling water - total hydraulic resources","2008","Kilowatt-hours, million","150000",""
"Angola","Falling water - total hydraulic resources","2005","Kilowatt-hours, million","150000",""
"Angola","Falling water - total hydraulic resources","1997","Kilowatt-hours, million","150000",""
"Angola","Falling water - total hydraulic resources","1995","Kilowatt-hours, million","150000",""
"Angola","Falling water - total hydraulic resources","1993","Kilowatt-hours, million","150000",""
"Angola","Falling water - total hydraulic resources","1990","Kilowatt-hours, million","150000",""
"Argentina","Falling water - total hydraulic resources","2008","Kilowatt-hours, million","354000",""
"Argentina","Falling water - total hydraulic resources","2005","Kilowatt-hours, million","354000",""
"Argentina","Falling water - total hydraulic resources","1997","Kilowatt-hours, million","535000",""
"Argentina","Falling water - total hydraulic resources","1995","Kilowatt-hours, million","535000",""
"Argentina","Falling water - total hydraulic resources","1993","Kilowatt-hours, million","535000",""
"Argentina","Falling water - total hydraulic resources","1990","Kilowatt-hours, million","535000",""
"Armenia","Falling water - total hydraulic resources","2008","Kilowatt-hours, million","22000",""
"Armenia","Falling water - total hydraulic resources","2005","Kilowatt-hours, million","22000",""
"Armenia","Falling water - total hydraulic resources","1997","Kilowatt-hours, million","22000",""
"Armenia","Falling water - total hydraulic resources","1995","Kilowatt-hours, million","21800",""
"Armenia","Falling water - total hydraulic resources","1993","Kilowatt-hours, million","21800",""
"Australia","Falling water - total hydraulic resources","2008","Kilowatt-hours, million","265000",""
"Australia","Falling water - total hydraulic resources","2005","Kilowatt-hours, million","265000",""
"Australia","Falling water - total hydraulic resources","1997","Kilowatt-hours, million","264000",""
"Australia","Falling water - total hydraulic resources","1995","Kilowatt-hours, million","264000",""
"Australia","Falling water - total hydraulic resources","1993","Kilowatt-hours, million","264000",""
"Australia","Falling water - total hydraulic resources","1990","Kilowatt-hours, million","260000",""
"Austria","Falling water - total hydraulic resources","2008","Kilowatt-hours, million","150000",""
"Austria","Falling water - total hydraulic resources","2005","Kilowatt-hours, million","150000",""
"Austria","Falling water - total hydraulic resources","1997","Kilowatt-hours, million","75000",""
"Austria","Falling water - total hydraulic resources","1995","Kilowatt-hours, million","150000",""
"Austria","Falling water - total hydraulic resources","1993","Kilowatt-hours, million","150000",""
"Austria","Falling water - total hydraulic resources","1990","Kilowatt-hours, million","150000",""
"Azerbaijan","Falling water - total hydraulic resources","2008","Kilowatt-hours, million","44000",""
"Azerbaijan","Falling water - total hydraulic resources","2005","Kilowatt-hours, million","44000",""
"Azerbaijan","Falling water - total hydraulic resources","1997","Kilowatt-hours, million","44000",""
"Azerbaijan","Falling water - total hydraulic resources","1995","Kilowatt-hours, million","43500",""
"Azerbaijan","Falling water - total hydraulic resources","1993","Kilowatt-hours, million","43500",""
"Bangladesh","Falling water - total hydraulic resources","2008","Kilowatt-hours, million","4000",""
"Bangladesh","Falling water - total hydraulic resources","2005","Kilowatt-hours, million","4000",""
"Bangladesh","Falling water - total hydraulic resources","2004","Kilowatt-hours, million","1000","1"
"Bangladesh","Falling water - total hydraulic resources","2003","Kilowatt-hours, million","1000","1"
"Bangladesh","Falling water - total hydraulic resources","2002","Kilowatt-hours, million","1000",""
"Bangladesh","Falling water - total hydraulic resources","2001","Kilowatt-hours, million","1000",""
"Bangladesh","Falling water - total hydraulic resources","2000","Kilowatt-hours, million","1000",""
"Bangladesh","Falling water - total hydraulic resources","1999","Kilowatt-hours, million","1000",""
"Bangladesh","Falling water - total hydraulic resources","1998","Kilowatt-hours, million","1000",""
"Bangladesh","Falling water - total hydraulic resources","1997","Kilowatt-hours, million","1000",""
"Bangladesh","Falling water - total hydraulic resources","1995","Kilowatt-hours, million","1159",""
"Bangladesh","Falling water - total hydraulic resources","1993","Kilowatt-hours, million","1159",""
"Belarus","Falling water - total hydraulic resources","2008","Kilowatt-hours, million","8000",""
"Belarus","Falling water - total hydraulic resources","2005","Kilowatt-hours, million","8000",""
"Belarus","Falling water - total hydraulic resources","1997","Kilowatt-hours, million","8000",""
"Belarus","Falling water - total hydraulic resources","1995","Kilowatt-hours, million","7600",""
"Belarus","Falling water - total hydraulic resources","1993","Kilowatt-hours, million","7600",""
"Belgium","Falling water - total hydraulic resources","2008","Kilowatt-hours, million","1000",""
"Belgium","Falling water - total hydraulic resources","2005","Kilowatt-hours, million","1000",""
"Belgium","Falling water - total hydraulic resources","1997","Kilowatt-hours, million","2000",""
"Belgium","Falling water - total hydraulic resources","1995","Kilowatt-hours, million","1750",""
"Belgium","Falling water - total hydraulic resources","1993","Kilowatt-hours, million","1750",""
"Belgium","Falling water - total hydraulic resources","1990","Kilowatt-hours, million","798",""
"Belize","Falling water - total hydraulic resources","2008","Kilowatt-hours, million","1000",""
"Belize","Falling water - total hydraulic resources","2007","Kilowatt-hours, million","1000",""
"Belize","Falling water - total hydraulic resources","2006","Kilowatt-hours, million","1000",""
"Belize","Falling water - total hydraulic resources","2005","Kilowatt-hours, million","1000",""
"Belize","Falling water - total hydraulic resources","1997","Kilowatt-hours, million","2000",""
"Benin","Falling water - total hydraulic resources","2008","Kilowatt-hours, million","2000",""
"Benin","Falling water - total hydraulic resources","2005","Kilowatt-hours, million","2000",""
"Benin","Falling water - total hydraulic resources","2002","Kilowatt-hours, million","2500",""
"Benin","Falling water - total hydraulic resources","2001","Kilowatt-hours, million","2500",""
"Benin","Falling water - total hydraulic resources","2000","Kilowatt-hours, million","2500",""
"Benin","Falling water - total hydraulic resources","1999","Kilowatt-hours, million","2500",""
"Benin","Falling water - total hydraulic resources","1998","Kilowatt-hours, million","2000",""
"Benin","Falling water - total hydraulic resources","1997","Kilowatt-hours, million","2000",""
"Benin","Falling water - total hydraulic resources","1995","Kilowatt-hours, million","2000",""
"Benin","Falling water - total hydraulic resources","1993","Kilowatt-hours, million","2500",""
"Bhutan","Falling water - total hydraulic resources","2008","Kilowatt-hours, million","263000",""
"Bhutan","Falling water - total hydraulic resources","2005","Kilowatt-hours, million","263000",""
"Bolivia (Plur. State of)","Falling water - total hydraulic resources","2008","Kilowatt-hours, million","178000",""
"Bolivia (Plur. State of)","Falling water - total hydraulic resources","2005","Kilowatt-hours, million","178000",""
"Bolivia (Plur. State of)","Falling water - total hydraulic resources","1997","Kilowatt-hours, million","178000",""
"Bolivia (Plur. State of)","Falling water - total hydraulic resources","1995","Kilowatt-hours, million","126270",""
"Bolivia (Plur. State of)","Falling water - total hydraulic resources","1993","Kilowatt-hours, million","126270",""
"Bosnia and Herzegovina","Falling water - total hydraulic resources","2008","Kilowatt-hours, million","70000",""
"Bosnia and Herzegovina","Falling water - total hydraulic resources","2005","Kilowatt-hours, million","70000",""
"Bosnia and Herzegovina","Falling water - total hydraulic resources","1997","Kilowatt-hours, million","28000",""
"Bosnia and Herzegovina","Falling water - total hydraulic resources","1995","Kilowatt-hours, million","22050",""
"Bosnia and Herzegovina","Falling water - total hydraulic resources","1993","Kilowatt-hours, million","22050",""
"Brazil","Falling water - total hydraulic resources","2008","Kilowatt-hours, million","3040000",""
"Brazil","Falling water - total hydraulic resources","2005","Kilowatt-hours, million","3040000",""
"Brazil","Falling water - total hydraulic resources","1997","Kilowatt-hours, million","3020000",""
"Brazil","Falling water - total hydraulic resources","1995","Kilowatt-hours, million","3020400",""
"Brazil","Falling water - total hydraulic resources","1993","Kilowatt-hours, million","3020400",""
"Brazil","Falling water - total hydraulic resources","1990","Kilowatt-hours, million","3020400",""
"Bulgaria","Falling water - total hydraulic resources","2008","Kilowatt-hours, million","27000",""
"Bulgaria","Falling water - total hydraulic resources","2005","Kilowatt-hours, million","27000",""
"Bulgaria","Falling water - total hydraulic resources","1997","Kilowatt-hours, million","26000",""
"Bulgaria","Falling water - total hydraulic resources","1993","Kilowatt-hours, million","26410",""
"Bulgaria","Falling water - total hydraulic resources","1990","Kilowatt-hours, million","26410",""
"Burkina Faso","Falling water - total hydraulic resources","2008","Kilowatt-hours, million","1000",""
"Burkina Faso","Falling water - total hydraulic resources","2005","Kilowatt-hours, million","1000",""
"Burkina Faso","Falling water - total hydraulic resources","2002","Kilowatt-hours, million","1000",""
"Burkina Faso","Falling water - total hydraulic resources","2001","Kilowatt-hours, million","1000",""
"Burkina Faso","Falling water - total hydraulic resources","1999","Kilowatt-hours, million","1000",""
"Burkina Faso","Falling water - total hydraulic resources","1998","Kilowatt-hours, million","1000",""
"Burkina Faso","Falling water - total hydraulic resources","1997","Kilowatt-hours, million","1000",""
"Burkina Faso","Falling water - total hydraulic resources","1996","Kilowatt-hours, million","800",""
"Burkina Faso","Falling water - total hydraulic resources","1995","Kilowatt-hours, million","800",""
"Burkina Faso","Falling water - total hydraulic resources","1993","Kilowatt-hours, million","800",""
"Burundi","Falling water - total hydraulic resources","2008","Kilowatt-hours, million","6000",""
"Burundi","Falling water - total hydraulic resources","2005","Kilowatt-hours, million","6000",""
"Burundi","Falling water - total hydraulic resources","1998","Kilowatt-hours, million","6600",""
"Burundi","Falling water - total hydraulic resources","1997","Kilowatt-hours, million","6000",""
"Burundi","Falling water - total hydraulic resources","1995","Kilowatt-hours, million","6605",""
"Burundi","Falling water - total hydraulic resources","1993","Kilowatt-hours, million","6605",""
"Burundi","Falling water - total hydraulic resources","1990","Kilowatt-hours, million","6000",""
"Cambodia","Falling water - total hydraulic resources","2008","Kilowatt-hours, million","88000",""
"Cambodia","Falling water - total hydraulic resources","2005","Kilowatt-hours, million","88000",""
"Cambodia","Falling water - total hydraulic resources","1997","Kilowatt-hours, million","83000",""
"Cambodia","Falling water - total hydraulic resources","1995","Kilowatt-hours, million","83000",""
"Cambodia","Falling water - total hydraulic resources","1993","Kilowatt-hours, million","83000",""
"Cameroon","Falling water - total hydraulic resources","2008","Kilowatt-hours, million","294000",""
"Cameroon","Falling water - total hydraulic resources","2005","Kilowatt-hours, million","294000",""
"Cameroon","Falling water - total hydraulic resources","2002","Kilowatt-hours, million","294000",""
"Cameroon","Falling water - total hydraulic resources","2001","Kilowatt-hours, million","294000",""
"Cameroon","Falling water - total hydraulic resources","2000","Kilowatt-hours, million","294000",""
"Cameroon","Falling water - total hydraulic resources","1999","Kilowatt-hours, million","294000",""
"Cameroon","Falling water - total hydraulic resources","1998","Kilowatt-hours, million","294000",""
"Cameroon","Falling water - total hydraulic resources","1997","Kilowatt-hours, million","294000",""
"Cameroon","Falling water - total hydraulic resources","1995","Kilowatt-hours, million","294000",""
"Cameroon","Falling water - total hydraulic resources","1993","Kilowatt-hours, million","294000",""
"Canada","Falling water - total hydraulic resources","2008","Kilowatt-hours, million","2067000",""
"Canada","Falling water - total hydraulic resources","2005","Kilowatt-hours, million","2216000",""
"Canada","Falling water - total hydraulic resources","1997","Kilowatt-hours, million","1332000",""
"Canada","Falling water - total hydraulic resources","1995","Kilowatt-hours, million","1223820",""
"Canada","Falling water - total hydraulic resources","1993","Kilowatt-hours, million","1223820",""
"Canada","Falling water - total hydraulic resources","1990","Kilowatt-hours, million","1295332",""
"Central African Rep.","Falling water - total hydraulic resources","2008","Kilowatt-hours, million","7000",""
"Central African Rep.","Falling water - total hydraulic resources","2007","Kilowatt-hours, million","7000",""
"Central African Rep.","Falling water - total hydraulic resources","2006","Kilowatt-hours, million","7000",""
"Central African Rep.","Falling water - total hydraulic resources","2005","Kilowatt-hours, million","7000",""
"Chad","Falling water - total hydraulic resources","1997","Kilowatt-hours, million","150",""
"Chad","Falling water - total hydraulic resources","1995","Kilowatt-hours, million","150",""
"Chad","Falling water - total hydraulic resources","1993","Kilowatt-hours, million","150",""
"Chile","Falling water - total hydraulic resources","2008","Kilowatt-hours, million","227000",""
"Chile","Falling water - total hydraulic resources","2005","Kilowatt-hours, million","227000",""
"Chile","Falling water - total hydraulic resources","1997","Kilowatt-hours, million","227000",""
"Chile","Falling water - total hydraulic resources","1993","Kilowatt-hours, million","181495",""
"Chile","Falling water - total hydraulic resources","1990","Kilowatt-hours, million","181445",""
"China","Falling water - total hydraulic resources","2008","Kilowatt-hours, million","6083000",""
"China","Falling water - total hydraulic resources","2005","Kilowatt-hours, million","6083000",""
"China","Falling water - total hydraulic resources","1997","Kilowatt-hours, million","5922000",""
"China","Falling water - total hydraulic resources","1995","Kilowatt-hours, million","5922180",""
"China","Falling water - total hydraulic resources","1993","Kilowatt-hours, million","5922180",""
"China","Falling water - total hydraulic resources","1990","Kilowatt-hours, million","5922180",""
"Colombia","Falling water - total hydraulic resources","2008","Kilowatt-hours, million","1000000",""
"Colombia","Falling water - total hydraulic resources","2005","Kilowatt-hours, million","1000000",""
"Colombia","Falling water - total hydraulic resources","1997","Kilowatt-hours, million","1000000",""
"Colombia","Falling water - total hydraulic resources","1995","Kilowatt-hours, million","1290000",""
"Colombia","Falling water - total hydraulic resources","1993","Kilowatt-hours, million","1290000",""
"Colombia","Falling water - total hydraulic resources","1990","Kilowatt-hours, million","1290000",""
"Congo","Falling water - total hydraulic resources","2008","Kilowatt-hours, million","50000",""
"Congo","Falling water - total hydraulic resources","2005","Kilowatt-hours, million","50000",""
"Congo","Falling water - total hydraulic resources","2002","Kilowatt-hours, million","50000",""
"Congo","Falling water - total hydraulic resources","2001","Kilowatt-hours, million","50000",""
"Congo","Falling water - total hydraulic resources","2000","Kilowatt-hours, million","50000",""
"Congo","Falling water - total hydraulic resources","1999","Kilowatt-hours, million","50000",""
"Congo","Falling water - total hydraulic resources","1998","Kilowatt-hours, million","50000",""
"Congo","Falling water - total hydraulic resources","1997","Kilowatt-hours, million","50000",""
"Congo","Falling water - total hydraulic resources","1996","Kilowatt-hours, million","50000",""
"Congo","Falling water - total hydraulic resources","1995","Kilowatt-hours, million","50000",""
"Congo","Falling water - total hydraulic resources","1993","Kilowatt-hours, million","50000",""
"Costa Rica","Falling water - total hydraulic resources","2008","Kilowatt-hours, million","224000",""
"Costa Rica","Falling water - total hydraulic resources","2005","Kilowatt-hours, million","223000",""
"Costa Rica","Falling water - total hydraulic resources","1997","Kilowatt-hours, million","223000",""
"Costa Rica","Falling water - total hydraulic resources","1995","Kilowatt-hours, million","101134",""
"Costa Rica","Falling water - total hydraulic resources","1993","Kilowatt-hours, million","101134",""
"Costa Rica","Falling water - total hydraulic resources","1990","Kilowatt-hours, million","222953",""
"Côte d'Ivoire","Falling water - total hydraulic resources","2008","Kilowatt-hours, million","46000",""
"Côte d'Ivoire","Falling water - total hydraulic resources","2005","Kilowatt-hours, million","46000",""
"Côte d'Ivoire","Falling water - total hydraulic resources","2002","Kilowatt-hours, million","46000",""
"Côte d'Ivoire","Falling water - total hydraulic resources","2001","Kilowatt-hours, million","46000",""
"Côte d'Ivoire","Falling water - total hydraulic resources","2000","Kilowatt-hours, million","46000",""
"Côte d'Ivoire","Falling water - total hydraulic resources","1999","Kilowatt-hours, million","46000",""
"Côte d'Ivoire","Falling water - total hydraulic resources","1998","Kilowatt-hours, million","46000",""
"Côte d'Ivoire","Falling water - total hydraulic resources","1997","Kilowatt-hours, million","46000",""
"Côte d'Ivoire","Falling water - total hydraulic resources","1996","Kilowatt-hours, million","46000",""
"Côte d'Ivoire","Falling water - total hydraulic resources","1995","Kilowatt-hours, million","46000",""
"Côte d'Ivoire","Falling water - total hydraulic resources","1993","Kilowatt-hours, million","46000",""
"Côte d'Ivoire","Falling water - total hydraulic resources","1990","Kilowatt-hours, million","46000",""
"Croatia","Falling water - total hydraulic resources","2008","Kilowatt-hours, million","20000",""
"Croatia","Falling water - total hydraulic resources","2005","Kilowatt-hours, million","20000",""
"Croatia","Falling water - total hydraulic resources","1997","Kilowatt-hours, million","20000",""
"Croatia","Falling water - total hydraulic resources","1993","Kilowatt-hours, million","21300",""
"Cuba","Falling water - total hydraulic resources","2008","Kilowatt-hours, million","3000",""
"Cuba","Falling water - total hydraulic resources","2005","Kilowatt-hours, million","3000",""
"Cuba","Falling water - total hydraulic resources","1997","Kilowatt-hours, million","2000",""
"Cyprus","Falling water - total hydraulic resources","2008","Kilowatt-hours, million","59000",""
"Cyprus","Falling water - total hydraulic resources","2005","Kilowatt-hours, million","59000",""
"Cyprus","Falling water - total hydraulic resources","1997","Kilowatt-hours, million","24000",""
"Cyprus","Falling water - total hydraulic resources","1995","Kilowatt-hours, million","23500",""
"Cyprus","Falling water - total hydraulic resources","1993","Kilowatt-hours, million","23500",""
"Czechia","Falling water - total hydraulic resources","2008","Kilowatt-hours, million","13000",""
"Czechia","Falling water - total hydraulic resources","2005","Kilowatt-hours, million","13000",""
"Czechia","Falling water - total hydraulic resources","1997","Kilowatt-hours, million","13000",""
"Czechia","Falling water - total hydraulic resources","1995","Kilowatt-hours, million","13100",""
"Czechia","Falling water - total hydraulic resources","1993","Kilowatt-hours, million","13100",""
"Dem. Rep. of the Congo","Falling water - total hydraulic resources","2008","Kilowatt-hours, million","1397000",""
"Dem. Rep. of the Congo","Falling water - total hydraulic resources","2005","Kilowatt-hours, million","1397000",""
"Dem. Rep. of the Congo","Falling water - total hydraulic resources","2002","Kilowatt-hours, million","1397000",""
"Dem. Rep. of the Congo","Falling water - total hydraulic resources","2001","Kilowatt-hours, million","1397000",""
"Dem. Rep. of the Congo","Falling water - total hydraulic resources","2000","Kilowatt-hours, million","1397000",""
"Dem. Rep. of the Congo","Falling water - total hydraulic resources","1999","Kilowatt-hours, million","1397000",""
"Dem. Rep. of the Congo","Falling water - total hydraulic resources","1998","Kilowatt-hours, million","1397000",""
"Dem. Rep. of the Congo","Falling water - total hydraulic resources","1997","Kilowatt-hours, million","1397000",""
"Dem. Rep. of the Congo","Falling water - total hydraulic resources","1995","Kilowatt-hours, million","1397000",""
"Dem. Rep. of the Congo","Falling water - total hydraulic resources","1993","Kilowatt-hours, million","1397000",""
"Denmark","Falling water - total hydraulic resources","1995","Kilowatt-hours, million","120",""
"Denmark","Falling water - total hydraulic resources","1993","Kilowatt-hours, million","120",""
"Denmark","Falling water - total hydraulic resources","1990","Kilowatt-hours, million","120",""
"Dominica","Falling water - total hydraulic resources","1998","Kilowatt-hours, million","200",""
"Dominica","Falling water - total hydraulic resources","1997","Kilowatt-hours, million","200",""
"Dominica","Falling water - total hydraulic resources","1995","Kilowatt-hours, million","200",""
"Dominica","Falling water - total hydraulic resources","1993","Kilowatt-hours, million","200",""
"Dominican Republic","Falling water - total hydraulic resources","2008","Kilowatt-hours, million","50000",""
"Dominican Republic","Falling water - total hydraulic resources","2005","Kilowatt-hours, million","50000",""
"Dominican Republic","Falling water - total hydraulic resources","1997","Kilowatt-hours, million","50000",""
"Dominican Republic","Falling water - total hydraulic resources","1995","Kilowatt-hours, million","50000",""
"Dominican Republic","Falling water - total hydraulic resources","1993","Kilowatt-hours, million","50000",""
"Ecuador","Falling water - total hydraulic resources","2008","Kilowatt-hours, million","169000",""
"Ecuador","Falling water - total hydraulic resources","2005","Kilowatt-hours, million","167000",""
"Ecuador","Falling water - total hydraulic resources","1997","Kilowatt-hours, million","115000",""
"Ecuador","Falling water - total hydraulic resources","1995","Kilowatt-hours, million","818500",""
"Ecuador","Falling water - total hydraulic resources","1993","Kilowatt-hours, million","818500",""
"Ecuador","Falling water - total hydraulic resources","1990","Kilowatt-hours, million","818500",""
"Egypt","Falling water - total hydraulic resources","2008","Kilowatt-hours, million","125000",""
"Egypt","Falling water - total hydraulic resources","2005","Kilowatt-hours, million","125000",""
"Egypt","Falling water - total hydraulic resources","1997","Kilowatt-hours, million","50000",""
"Egypt","Falling water - total hydraulic resources","1995","Kilowatt-hours, million","0",""
"Egypt","Falling water - total hydraulic resources","1993","Kilowatt-hours, million","0",""
"El Salvador","Falling water - total hydraulic resources","2008","Kilowatt-hours, million","7000",""
"El Salvador","Falling water - total hydraulic resources","2005","Kilowatt-hours, million","7000",""
"El Salvador","Falling water - total hydraulic resources","1997","Kilowatt-hours, million","7000",""
"El Salvador","Falling water - total hydraulic resources","1995","Kilowatt-hours, million","5641",""
"El Salvador","Falling water - total hydraulic resources","1993","Kilowatt-hours, million","5641",""
"El Salvador","Falling water - total hydraulic resources","1990","Kilowatt-hours, million","5641",""
"Estonia","Falling water - total hydraulic resources","2008","Kilowatt-hours, million","2000",""
"Estonia","Falling water - total hydraulic resources","2005","Kilowatt-hours, million","2000",""
"Estonia","Falling water - total hydraulic resources","1997","Kilowatt-hours, million","2000",""
"Estonia","Falling water - total hydraulic resources","1995","Kilowatt-hours, million","1400",""
"Estonia","Falling water - total hydraulic resources","1993","Kilowatt-hours, million","1400",""
"Eswatini","Falling water - total hydraulic resources","2008","Kilowatt-hours, million","4000",""
"Eswatini","Falling water - total hydraulic resources","2005","Kilowatt-hours, million","4000",""
"Eswatini","Falling water - total hydraulic resources","1997","Kilowatt-hours, million","4000",""
"Eswatini","Falling water - total hydraulic resources","1995","Kilowatt-hours, million","3800",""
"Eswatini","Falling water - total hydraulic resources","1993","Kilowatt-hours, million","3800",""
"Ethiopia","Falling water - total hydraulic resources","2008","Kilowatt-hours, million","650000",""
"Ethiopia","Falling water - total hydraulic resources","2005","Kilowatt-hours, million","650000",""
"Ethiopia","Falling water - total hydraulic resources","2002","Kilowatt-hours, million","650000",""
"Ethiopia","Falling water - total hydraulic resources","2001","Kilowatt-hours, million","650000",""
"Ethiopia","Falling water - total hydraulic resources","2000","Kilowatt-hours, million","650000",""
"Ethiopia","Falling water - total hydraulic resources","1999","Kilowatt-hours, million","650000",""
"Ethiopia","Falling water - total hydraulic resources","1998","Kilowatt-hours, million","650000",""
"Ethiopia","Falling water - total hydraulic resources","1997","Kilowatt-hours, million","650000",""
"Ethiopia","Falling water - total hydraulic resources","1996","Kilowatt-hours, million","650000",""
"Ethiopia","Falling water - total hydraulic resources","1995","Kilowatt-hours, million","650000",""
"Ethiopia","Falling water - total hydraulic resources","1994","Kilowatt-hours, million","650000",""
"Ethiopia, incl. Eritrea","Falling water - total hydraulic resources","1993","Kilowatt-hours, million","650000",""
"Ethiopia, incl. Eritrea","Falling water - total hydraulic resources","1991","Kilowatt-hours, million","650000",""
"Ethiopia, incl. Eritrea","Falling water - total hydraulic resources","1990","Kilowatt-hours, million","650000",""
"Faeroe Islands","Falling water - total hydraulic resources","2008","Kilowatt-hours, million","1000",""
"Faeroe Islands","Falling water - total hydraulic resources","2005","Kilowatt-hours, million","1000",""
"Faeroe Islands","Falling water - total hydraulic resources","2002","Kilowatt-hours, million","300",""
"Faeroe Islands","Falling water - total hydraulic resources","2001","Kilowatt-hours, million","300",""
"Faeroe Islands","Falling water - total hydraulic resources","2000","Kilowatt-hours, million","300",""
"Faeroe Islands","Falling water - total hydraulic resources","1999","Kilowatt-hours, million","300",""
"Faeroe Islands","Falling water - total hydraulic resources","1998","Kilowatt-hours, million","300",""
"Faeroe Islands","Falling water - total hydraulic resources","1997","Kilowatt-hours, million","300",""
"Faeroe Islands","Falling water - total hydraulic resources","1996","Kilowatt-hours, million","300",""
"Faeroe Islands","Falling water - total hydraulic resources","1995","Kilowatt-hours, million","300",""
"Faeroe Islands","Falling water - total hydraulic resources","1993","Kilowatt-hours, million","300",""
"Fiji","Falling water - total hydraulic resources","2008","Kilowatt-hours, million","3000",""
"Fiji","Falling water - total hydraulic resources","2005","Kilowatt-hours, million","3000",""
"Fiji","Falling water - total hydraulic resources","1997","Kilowatt-hours, million","1000",""
"Fiji","Falling water - total hydraulic resources","1995","Kilowatt-hours, million","1086",""
"Fiji","Falling water - total hydraulic resources","1993","Kilowatt-hours, million","1086",""
"Finland","Falling water - total hydraulic resources","2008","Kilowatt-hours, million","31000",""
"Finland","Falling water - total hydraulic resources","2005","Kilowatt-hours, million","48000",""
"Finland","Falling water - total hydraulic resources","1997","Kilowatt-hours, million","46000",""
"Finland","Falling water - total hydraulic resources","1995","Kilowatt-hours, million","46000",""
"Finland","Falling water - total hydraulic resources","1993","Kilowatt-hours, million","46000",""
"Finland","Falling water - total hydraulic resources","1990","Kilowatt-hours, million","46000",""
"France","Falling water - total hydraulic resources","2008","Kilowatt-hours, million","270000",""
"France","Falling water - total hydraulic resources","2005","Kilowatt-hours, million","270000",""
"France","Falling water - total hydraulic resources","1997","Kilowatt-hours, million","200000",""
"France","Falling water - total hydraulic resources","1995","Kilowatt-hours, million","266000",""
"France","Falling water - total hydraulic resources","1993","Kilowatt-hours, million","266000",""
"France","Falling water - total hydraulic resources","1990","Kilowatt-hours, million","266000",""
"French Guiana","Falling water - total hydraulic resources","2009","Kilowatt-hours, million","2000",""
"French Guiana","Falling water - total hydraulic resources","2008","Kilowatt-hours, million","2000",""
"French Guiana","Falling water - total hydraulic resources","2009","Kilowatt-hours, million","2000",""
"French Guiana","Falling water - total hydraulic resources","2008","Kilowatt-hours, million","2000",""
"French Polynesia","Falling water - total hydraulic resources","2008","Kilowatt-hours, million","1000",""
"French Polynesia","Falling water - total hydraulic resources","2005","Kilowatt-hours, million","1000",""
"Gabon","Falling water - total hydraulic resources","2008","Kilowatt-hours, million","200000",""
"Gabon","Falling water - total hydraulic resources","2005","Kilowatt-hours, million","190000",""
"Gabon","Falling water - total hydraulic resources","2002","Kilowatt-hours, million","80000",""
"Gabon","Falling water - total hydraulic resources","2001","Kilowatt-hours, million","80000",""
"Gabon","Falling water - total hydraulic resources","2000","Kilowatt-hours, million","80000",""
"Gabon","Falling water - total hydraulic resources","1999","Kilowatt-hours, million","80000",""
"Gabon","Falling water - total hydraulic resources","1998","Kilowatt-hours, million","80000",""
"Gabon","Falling water - total hydraulic resources","1997","Kilowatt-hours, million","80000",""
"Gabon","Falling water - total hydraulic resources","1995","Kilowatt-hours, million","80000",""
"Gabon","Falling water - total hydraulic resources","1993","Kilowatt-hours, million","80000",""
"Georgia","Falling water - total hydraulic resources","2008","Kilowatt-hours, million","136000",""
"Georgia","Falling water - total hydraulic resources","2005","Kilowatt-hours, million","180000",""
"Georgia","Falling water - total hydraulic resources","1997","Kilowatt-hours, million","139000",""
"Georgia","Falling water - total hydraulic resources","1995","Kilowatt-hours, million","159400",""
"Georgia","Falling water - total hydraulic resources","1993","Kilowatt-hours, million","159400",""
"Germany","Falling water - total hydraulic resources","2008","Kilowatt-hours, million","120000",""
"Germany","Falling water - total hydraulic resources","2005","Kilowatt-hours, million","120000",""
"Germany","Falling water - total hydraulic resources","2002","Kilowatt-hours, million","121010","1"
"Germany","Falling water - total hydraulic resources","2001","Kilowatt-hours, million","121010",""
"Germany","Falling water - total hydraulic resources","2000","Kilowatt-hours, million","121010",""
"Germany","Falling water - total hydraulic resources","1999","Kilowatt-hours, million","120000",""
"Germany","Falling water - total hydraulic resources","1998","Kilowatt-hours, million","120000",""
"Germany","Falling water - total hydraulic resources","1997","Kilowatt-hours, million","120000",""
"Germany","Falling water - total hydraulic resources","1995","Kilowatt-hours, million","120000",""
"Germany","Falling water - total hydraulic resources","1993","Kilowatt-hours, million","120000",""
"Ghana","Falling water - total hydraulic resources","2008","Kilowatt-hours, million","28000",""
"Ghana","Falling water - total hydraulic resources","2005","Kilowatt-hours, million","26000",""
"Ghana","Falling water - total hydraulic resources","2002","Kilowatt-hours, million","13000",""
"Ghana","Falling water - total hydraulic resources","2001","Kilowatt-hours, million","13000",""
"Ghana","Falling water - total hydraulic resources","2000","Kilowatt-hours, million","13000",""
"Ghana","Falling water - total hydraulic resources","1999","Kilowatt-hours, million","13000",""
"Ghana","Falling water - total hydraulic resources","1998","Kilowatt-hours, million","13000",""
"Ghana","Falling water - total hydraulic resources","1997","Kilowatt-hours, million","13000",""
"Ghana","Falling water - total hydraulic resources","1995","Kilowatt-hours, million","12782",""
"Ghana","Falling water - total hydraulic resources","1993","Kilowatt-hours, million","12782",""
"Ghana","Falling water - total hydraulic resources","1990","Kilowatt-hours, million","12782",""
"Greece","Falling water - total hydraulic resources","2008","Kilowatt-hours, million","80000",""
"Greece","Falling water - total hydraulic resources","2005","Kilowatt-hours, million","80000",""
"Greece","Falling water - total hydraulic resources","2000","Kilowatt-hours, million","80000",""
"Greece","Falling water - total hydraulic resources","1997","Kilowatt-hours, million","80000",""
"Greece","Falling water - total hydraulic resources","1995","Kilowatt-hours, million","84000",""
"Greece","Falling water - total hydraulic resources","1993","Kilowatt-hours, million","84000",""
"Greece","Falling water - total hydraulic resources","1990","Kilowatt-hours, million","84000",""
"Greenland","Falling water - total hydraulic resources","2008","Kilowatt-hours, million","550000",""
"Greenland","Falling water - total hydraulic resources","2005","Kilowatt-hours, million","800000",""
"Greenland","Falling water - total hydraulic resources","2002","Kilowatt-hours, million","470000",""
"Greenland","Falling water - total hydraulic resources","2001","Kilowatt-hours, million","470000",""
"Greenland","Falling water - total hydraulic resources","2000","Kilowatt-hours, million","470000",""
"Greenland","Falling water - total hydraulic resources","1999","Kilowatt-hours, million","470000",""
"Greenland","Falling water - total hydraulic resources","1998","Kilowatt-hours, million","470000",""
"Greenland","Falling water - total hydraulic resources","1997","Kilowatt-hours, million","470000",""
"Greenland","Falling water - total hydraulic resources","1995","Kilowatt-hours, million","470000",""
"Greenland","Falling water - total hydraulic resources","1993","Kilowatt-hours, million","470000",""
"Greenland","Falling water - total hydraulic resources","1990","Kilowatt-hours, million","470000",""
"Grenada","Falling water - total hydraulic resources","1997","Kilowatt-hours, million","38",""
"Grenada","Falling water - total hydraulic resources","1995","Kilowatt-hours, million","38",""
"Grenada","Falling water - total hydraulic resources","1993","Kilowatt-hours, million","38",""
"Guatemala","Falling water - total hydraulic resources","2008","Kilowatt-hours, million","59000",""
"Guatemala","Falling water - total hydraulic resources","2005","Kilowatt-hours, million","54000",""
"Guatemala","Falling water - total hydraulic resources","1997","Kilowatt-hours, million","95000",""
"Guatemala","Falling water - total hydraulic resources","1995","Kilowatt-hours, million","95405",""
"Guatemala","Falling water - total hydraulic resources","1993","Kilowatt-hours, million","95405",""
"Guatemala","Falling water - total hydraulic resources","1990","Kilowatt-hours, million","95405",""
"Guinea","Falling water - total hydraulic resources","2008","Kilowatt-hours, million","26000",""
"Guinea","Falling water - total hydraulic resources","2005","Kilowatt-hours, million","26000",""
"Guinea","Falling water - total hydraulic resources","2002","Kilowatt-hours, million","26000",""
"Guinea","Falling water - total hydraulic resources","2001","Kilowatt-hours, million","26000",""
"Guinea","Falling water - total hydraulic resources","2000","Kilowatt-hours, million","26000",""
"Guinea","Falling water - total hydraulic resources","1999","Kilowatt-hours, million","26000",""
"Guinea","Falling water - total hydraulic resources","1998","Kilowatt-hours, million","26000",""
"Guinea","Falling water - total hydraulic resources","1997","Kilowatt-hours, million","26000",""
"Guinea","Falling water - total hydraulic resources","1995","Kilowatt-hours, million","26000",""
"Guinea","Falling water - total hydraulic resources","1993","Kilowatt-hours, million","26000",""
"Guinea-Bissau","Falling water - total hydraulic resources","2008","Kilowatt-hours, million","1000",""
"Guinea-Bissau","Falling water - total hydraulic resources","2005","Kilowatt-hours, million","1000",""
"Guinea-Bissau","Falling water - total hydraulic resources","2002","Kilowatt-hours, million","300",""
"Guinea-Bissau","Falling water - total hydraulic resources","2001","Kilowatt-hours, million","300",""
"Guinea-Bissau","Falling water - total hydraulic resources","2000","Kilowatt-hours, million","300",""
"Guinea-Bissau","Falling water - total hydraulic resources","1999","Kilowatt-hours, million","300",""
"Guinea-Bissau","Falling water - total hydraulic resources","1998","Kilowatt-hours, million","300",""
"Guinea-Bissau","Falling water - total hydraulic resources","1997","Kilowatt-hours, million","300",""
"Guinea-Bissau","Falling water - total hydraulic resources","1996","Kilowatt-hours, million","300",""
"Guinea-Bissau","Falling water - total hydraulic resources","1995","Kilowatt-hours, million","300",""
"Guinea-Bissau","Falling water - total hydraulic resources","1993","Kilowatt-hours, million","300",""
"Guyana","Falling water - total hydraulic resources","2008","Kilowatt-hours, million","81000",""
"Guyana","Falling water - total hydraulic resources","2005","Kilowatt-hours, million","64000",""
"Guyana","Falling water - total hydraulic resources","1997","Kilowatt-hours, million","8000",""
"Guyana","Falling water - total hydraulic resources","1995","Kilowatt-hours, million","67500",""
"Guyana","Falling water - total hydraulic resources","1993","Kilowatt-hours, million","67500",""
"Guyana","Falling water - total hydraulic resources","1990","Kilowatt-hours, million","67500",""
"Haiti","Falling water - total hydraulic resources","2008","Kilowatt-hours, million","4000",""
"Haiti","Falling water - total hydraulic resources","2005","Kilowatt-hours, million","4000",""
"Haiti","Falling water - total hydraulic resources","1997","Kilowatt-hours, million","4000",""
"Honduras","Falling water - total hydraulic resources","2008","Kilowatt-hours, million","16000",""
"Honduras","Falling water - total hydraulic resources","2005","Kilowatt-hours, million","16000",""
"Honduras","Falling water - total hydraulic resources","1997","Kilowatt-hours, million","16000",""
"Honduras","Falling water - total hydraulic resources","1995","Kilowatt-hours, million","16455",""
"Honduras","Falling water - total hydraulic resources","1993","Kilowatt-hours, million","16455",""
"Honduras","Falling water - total hydraulic resources","1990","Kilowatt-hours, million","19655",""
"Hungary","Falling water - total hydraulic resources","2008","Kilowatt-hours, million","10000",""
"Hungary","Falling water - total hydraulic resources","2005","Kilowatt-hours, million","10000",""
"Hungary","Falling water - total hydraulic resources","1997","Kilowatt-hours, million","7000",""
"Hungary","Falling water - total hydraulic resources","1995","Kilowatt-hours, million","7400",""
"Hungary","Falling water - total hydraulic resources","1993","Kilowatt-hours, million","7400",""
"Iceland","Falling water - total hydraulic resources","2008","Kilowatt-hours, million","184000",""
"Iceland","Falling water - total hydraulic resources","2005","Kilowatt-hours, million","184000",""
"Iceland","Falling water - total hydraulic resources","2000","Kilowatt-hours, million","184000",""
"Iceland","Falling water - total hydraulic resources","1999","Kilowatt-hours, million","184000",""
"Iceland","Falling water - total hydraulic resources","1997","Kilowatt-hours, million","184000",""
"Iceland","Falling water - total hydraulic resources","1995","Kilowatt-hours, million","184000",""
"Iceland","Falling water - total hydraulic resources","1993","Kilowatt-hours, million","184000",""
"Iceland","Falling water - total hydraulic resources","1990","Kilowatt-hours, million","184000",""
"India","Falling water - total hydraulic resources","2008","Kilowatt-hours, million","2638000",""
"India","Falling water - total hydraulic resources","2005","Kilowatt-hours, million","2638000",""
"India","Falling water - total hydraulic resources","1997","Kilowatt-hours, million","2638000",""
"India","Falling water - total hydraulic resources","1995","Kilowatt-hours, million","2637800",""
"India","Falling water - total hydraulic resources","1993","Kilowatt-hours, million","2637800",""
"India","Falling water - total hydraulic resources","1990","Kilowatt-hours, million","2637800",""
"Indonesia","Falling water - total hydraulic resources","2008","Kilowatt-hours, million","2147000",""
"Indonesia","Falling water - total hydraulic resources","2005","Kilowatt-hours, million","2147000",""
"Indonesia","Falling water - total hydraulic resources","1997","Kilowatt-hours, million","2147000",""
"Indonesia","Falling water - total hydraulic resources","1995","Kilowatt-hours, million","400063",""
"Indonesia","Falling water - total hydraulic resources","1993","Kilowatt-hours, million","400063",""
"Indonesia","Falling water - total hydraulic resources","1990","Kilowatt-hours, million","400063",""
"Iran (Islamic Rep. of)","Falling water - total hydraulic resources","2008","Kilowatt-hours, million","448000",""
"Iran (Islamic Rep. of)","Falling water - total hydraulic resources","2005","Kilowatt-hours, million","176000",""
"Iran (Islamic Rep. of)","Falling water - total hydraulic resources","1997","Kilowatt-hours, million","176000",""
"Iran (Islamic Rep. of)","Falling water - total hydraulic resources","1995","Kilowatt-hours, million","56000",""
"Iran (Islamic Rep. of)","Falling water - total hydraulic resources","1993","Kilowatt-hours, million","56000",""
"Iraq","Falling water - total hydraulic resources","2008","Kilowatt-hours, million","225000",""
"Iraq","Falling water - total hydraulic resources","2005","Kilowatt-hours, million","225000",""
"Iraq","Falling water - total hydraulic resources","1997","Kilowatt-hours, million","90000",""
"Iraq","Falling water - total hydraulic resources","1995","Kilowatt-hours, million","70000",""
"Iraq","Falling water - total hydraulic resources","1993","Kilowatt-hours, million","70000",""
"Ireland","Falling water - total hydraulic resources","2008","Kilowatt-hours, million","1000",""
"Ireland","Falling water - total hydraulic resources","2005","Kilowatt-hours, million","1000",""
"Ireland","Falling water - total hydraulic resources","1997","Kilowatt-hours, million","1000",""
"Ireland","Falling water - total hydraulic resources","1995","Kilowatt-hours, million","1400",""
"Ireland","Falling water - total hydraulic resources","1993","Kilowatt-hours, million","1400",""
"Israel","Falling water - total hydraulic resources","1997","Kilowatt-hours, million","0",""
"Israel","Falling water - total hydraulic resources","1995","Kilowatt-hours, million","0",""
"Israel","Falling water - total hydraulic resources","1993","Kilowatt-hours, million","0",""
"Italy","Falling water - total hydraulic resources","2008","Kilowatt-hours, million","190000",""
"Italy","Falling water - total hydraulic resources","2005","Kilowatt-hours, million","340000",""
"Italy","Falling water - total hydraulic resources","1997","Kilowatt-hours, million","340000",""
"Italy","Falling water - total hydraulic resources","1995","Kilowatt-hours, million","340000",""
"Italy","Falling water - total hydraulic resources","1993","Kilowatt-hours, million","340000",""
"Italy","Falling water - total hydraulic resources","1990","Kilowatt-hours, million","340000",""
"Jamaica","Falling water - total hydraulic resources","2008","Kilowatt-hours, million","1000",""
"Jamaica","Falling water - total hydraulic resources","2005","Kilowatt-hours, million","1000",""
"Jamaica","Falling water - total hydraulic resources","1995","Kilowatt-hours, million","455",""
"Jamaica","Falling water - total hydraulic resources","1993","Kilowatt-hours, million","455",""
"Jamaica","Falling water - total hydraulic resources","1990","Kilowatt-hours, million","455",""
"Japan","Falling water - total hydraulic resources","2008","Kilowatt-hours, million","718000",""
"Japan","Falling water - total hydraulic resources","2005","Kilowatt-hours, million","718000",""
"Japan","Falling water - total hydraulic resources","1997","Kilowatt-hours, million","718000",""
"Japan","Falling water - total hydraulic resources","1995","Kilowatt-hours, million","596098",""
"Japan","Falling water - total hydraulic resources","1993","Kilowatt-hours, million","596098",""
"Japan","Falling water - total hydraulic resources","1990","Kilowatt-hours, million","596098",""
"Jordan","Falling water - total hydraulic resources","2008","Kilowatt-hours, million","4000",""
"Jordan","Falling water - total hydraulic resources","2005","Kilowatt-hours, million","4000",""
"Jordan","Falling water - total hydraulic resources","1995","Kilowatt-hours, million","87",""
"Jordan","Falling water - total hydraulic resources","1993","Kilowatt-hours, million","87",""
"Jordan","Falling water - total hydraulic resources","1990","Kilowatt-hours, million","87",""
"Kazakhstan","Falling water - total hydraulic resources","2008","Kilowatt-hours, million","170000",""
"Kazakhstan","Falling water - total hydraulic resources","2005","Kilowatt-hours, million","170000",""
"Kazakhstan","Falling water - total hydraulic resources","1997","Kilowatt-hours, million","110000",""
"Kazakhstan","Falling water - total hydraulic resources","1995","Kilowatt-hours, million","198600",""
"Kazakhstan","Falling water - total hydraulic resources","1993","Kilowatt-hours, million","198600",""
"Kenya","Falling water - total hydraulic resources","2008","Kilowatt-hours, million","24000",""
"Kenya","Falling water - total hydraulic resources","2005","Kilowatt-hours, million","24000",""
"Kenya","Falling water - total hydraulic resources","1997","Kilowatt-hours, million","9000",""
"Kenya","Falling water - total hydraulic resources","1995","Kilowatt-hours, million","6000",""
"Kenya","Falling water - total hydraulic resources","1993","Kilowatt-hours, million","6000",""
"Korea, Republic of","Falling water - total hydraulic resources","2008","Kilowatt-hours, million","52000",""
"Korea, Republic of","Falling water - total hydraulic resources","2005","Kilowatt-hours, million","52000",""
"Korea, Republic of","Falling water - total hydraulic resources","1997","Kilowatt-hours, million","72000",""
"Korea, Republic of","Falling water - total hydraulic resources","1995","Kilowatt-hours, million","77201",""
"Korea, Republic of","Falling water - total hydraulic resources","1993","Kilowatt-hours, million","77201",""
"Korea, Republic of","Falling water - total hydraulic resources","1990","Kilowatt-hours, million","77201",""
"Kyrgyzstan","Falling water - total hydraulic resources","2008","Kilowatt-hours, million","163000",""
"Kyrgyzstan","Falling water - total hydraulic resources","2005","Kilowatt-hours, million","163000",""
"Kyrgyzstan","Falling water - total hydraulic resources","1997","Kilowatt-hours, million","163000",""
"Kyrgyzstan","Falling water - total hydraulic resources","1995","Kilowatt-hours, million","142500",""
"Kyrgyzstan","Falling water - total hydraulic resources","1993","Kilowatt-hours, million","142500",""
"Lao People's Dem. Rep.","Falling water - total hydraulic resources","2008","Kilowatt-hours, million","233000",""
"Lao People's Dem. Rep.","Falling water - total hydraulic resources","2005","Kilowatt-hours, million","232000",""
"Lao People's Dem. Rep.","Falling water - total hydraulic resources","1997","Kilowatt-hours, million","232000",""
"Lao People's Dem. Rep.","Falling water - total hydraulic resources","1995","Kilowatt-hours, million","420000",""
"Lao People's Dem. Rep.","Falling water - total hydraulic resources","1993","Kilowatt-hours, million","420000",""
"Latvia","Falling water - total hydraulic resources","2008","Kilowatt-hours, million","7000",""
"Latvia","Falling water - total hydraulic resources","2005","Kilowatt-hours, million","7000",""
"Latvia","Falling water - total hydraulic resources","1997","Kilowatt-hours, million","6000",""
"Latvia","Falling water - total hydraulic resources","1995","Kilowatt-hours, million","7200",""
"Latvia","Falling water - total hydraulic resources","1993","Kilowatt-hours, million","7200",""
"Lebanon","Falling water - total hydraulic resources","2008","Kilowatt-hours, million","2000",""
"Lebanon","Falling water - total hydraulic resources","2005","Kilowatt-hours, million","2000",""
"Lebanon","Falling water - total hydraulic resources","1997","Kilowatt-hours, million","1000",""
"Lebanon","Falling water - total hydraulic resources","1995","Kilowatt-hours, million","1000",""
"Lebanon","Falling water - total hydraulic resources","1993","Kilowatt-hours, million","1000",""
"Lebanon","Falling water - total hydraulic resources","1990","Kilowatt-hours, million","1000",""
"Lesotho","Falling water - total hydraulic resources","2008","Kilowatt-hours, million","5000",""
"Lesotho","Falling water - total hydraulic resources","2005","Kilowatt-hours, million","5000",""
"Lesotho","Falling water - total hydraulic resources","1997","Kilowatt-hours, million","2000",""
"Lesotho","Falling water - total hydraulic resources","1995","Kilowatt-hours, million","2000",""
"Lesotho","Falling water - total hydraulic resources","1993","Kilowatt-hours, million","2000",""
"Liberia","Falling water - total hydraulic resources","2008","Kilowatt-hours, million","28000",""
"Liberia","Falling water - total hydraulic resources","2005","Kilowatt-hours, million","28000",""
"Liberia","Falling water - total hydraulic resources","2002","Kilowatt-hours, million","11000",""
"Liberia","Falling water - total hydraulic resources","2001","Kilowatt-hours, million","11000",""
"Liberia","Falling water - total hydraulic resources","2000","Kilowatt-hours, million","11000",""
"Liberia","Falling water - total hydraulic resources","1999","Kilowatt-hours, million","11000",""
"Liberia","Falling water - total hydraulic resources","1998","Kilowatt-hours, million","11000",""
"Liberia","Falling water - total hydraulic resources","1997","Kilowatt-hours, million","11000",""
"Liberia","Falling water - total hydraulic resources","1995","Kilowatt-hours, million","11000",""
"Liberia","Falling water - total hydraulic resources","1993","Kilowatt-hours, million","11000",""
"Lithuania","Falling water - total hydraulic resources","2008","Kilowatt-hours, million","6000",""
"Lithuania","Falling water - total hydraulic resources","2005","Kilowatt-hours, million","5000",""
"Lithuania","Falling water - total hydraulic resources","1997","Kilowatt-hours, million","5000",""
"Lithuania","Falling water - total hydraulic resources","1993","Kilowatt-hours, million","4010",""
"Luxembourg","Falling water - total hydraulic resources","2005","Kilowatt-hours, million","200",""
"Luxembourg","Falling water - total hydraulic resources","1993","Kilowatt-hours, million","125",""
"Luxembourg","Falling water - total hydraulic resources","1990","Kilowatt-hours, million","125",""
"Madagascar","Falling water - total hydraulic resources","2008","Kilowatt-hours, million","321000",""
"Madagascar","Falling water - total hydraulic resources","2005","Kilowatt-hours, million","321000",""
"Madagascar","Falling water - total hydraulic resources","2002","Kilowatt-hours, million","420000",""
"Madagascar","Falling water - total hydraulic resources","2001","Kilowatt-hours, million","420000",""
"Madagascar","Falling water - total hydraulic resources","2000","Kilowatt-hours, million","420000",""
"Madagascar","Falling water - total hydraulic resources","1999","Kilowatt-hours, million","420000",""
"Madagascar","Falling water - total hydraulic resources","1998","Kilowatt-hours, million","420000",""
"Madagascar","Falling water - total hydraulic resources","1997","Kilowatt-hours, million","420000",""
"Madagascar","Falling water - total hydraulic resources","1996","Kilowatt-hours, million","420000",""
"Madagascar","Falling water - total hydraulic resources","1995","Kilowatt-hours, million","420000",""
"Madagascar","Falling water - total hydraulic resources","1994","Kilowatt-hours, million","420000",""
"Madagascar","Falling water - total hydraulic resources","1993","Kilowatt-hours, million","420000",""
"Madagascar","Falling water - total hydraulic resources","1992","Kilowatt-hours, million","420000",""
"Madagascar","Falling water - total hydraulic resources","1991","Kilowatt-hours, million","420000",""
"Madagascar","Falling water - total hydraulic resources","1990","Kilowatt-hours, million","420000",""
"Malawi","Falling water - total hydraulic resources","2008","Kilowatt-hours, million","15000",""
"Malawi","Falling water - total hydraulic resources","2005","Kilowatt-hours, million","15000",""
"Malawi","Falling water - total hydraulic resources","2002","Kilowatt-hours, million","6000",""
"Malawi","Falling water - total hydraulic resources","2001","Kilowatt-hours, million","6000",""
"Malawi","Falling water - total hydraulic resources","2000","Kilowatt-hours, million","6000",""
"Malawi","Falling water - total hydraulic resources","1999","Kilowatt-hours, million","6000",""
"Malawi","Falling water - total hydraulic resources","1998","Kilowatt-hours, million","6000",""
"Malawi","Falling water - total hydraulic resources","1997","Kilowatt-hours, million","6000",""
"Malawi","Falling water - total hydraulic resources","1996","Kilowatt-hours, million","6000",""
"Malawi","Falling water - total hydraulic resources","1995","Kilowatt-hours, million","6000",""
"Malawi","Falling water - total hydraulic resources","1994","Kilowatt-hours, million","6000",""
"Malawi","Falling water - total hydraulic resources","1993","Kilowatt-hours, million","6000",""
"Malaysia","Falling water - total hydraulic resources","2008","Kilowatt-hours, million","230000",""
"Malaysia","Falling water - total hydraulic resources","2005","Kilowatt-hours, million","230000",""
"Malaysia","Falling water - total hydraulic resources","1997","Kilowatt-hours, million","230000",""
"Malaysia","Falling water - total hydraulic resources","1995","Kilowatt-hours, million","107000",""
"Malaysia","Falling water - total hydraulic resources","1993","Kilowatt-hours, million","107000",""
"Malaysia","Falling water - total hydraulic resources","1990","Kilowatt-hours, million","107000",""
"Mali","Falling water - total hydraulic resources","2008","Kilowatt-hours, million","12000",""
"Mali","Falling water - total hydraulic resources","2005","Kilowatt-hours, million","12000",""
"Mali","Falling water - total hydraulic resources","2002","Kilowatt-hours, million","10000",""
"Mali","Falling water - total hydraulic resources","2001","Kilowatt-hours, million","10000",""
"Mali","Falling water - total hydraulic resources","2000","Kilowatt-hours, million","10000",""
"Mali","Falling water - total hydraulic resources","1999","Kilowatt-hours, million","10000",""
"Mali","Falling water - total hydraulic resources","1998","Kilowatt-hours, million","10000",""
"Mali","Falling water - total hydraulic resources","1997","Kilowatt-hours, million","10000",""
"Mali","Falling water - total hydraulic resources","1996","Kilowatt-hours, million","10000",""
"Mali","Falling water - total hydraulic resources","1995","Kilowatt-hours, million","10000",""
"Mali","Falling water - total hydraulic resources","1994","Kilowatt-hours, million","10000",""
"Mali","Falling water - total hydraulic resources","1993","Kilowatt-hours, million","10000",""
"Mauritius","Falling water - total hydraulic resources","1998","Kilowatt-hours, million","150",""
"Mauritius","Falling water - total hydraulic resources","1997","Kilowatt-hours, million","150",""
"Mauritius","Falling water - total hydraulic resources","1996","Kilowatt-hours, million","150",""
"Mauritius","Falling water - total hydraulic resources","1995","Kilowatt-hours, million","150",""
"Mauritius","Falling water - total hydraulic resources","1994","Kilowatt-hours, million","150",""
"Mauritius","Falling water - total hydraulic resources","1993","Kilowatt-hours, million","150",""
"Mexico","Falling water - total hydraulic resources","2008","Kilowatt-hours, million","430000",""
"Mexico","Falling water - total hydraulic resources","2005","Kilowatt-hours, million","135000",""
"Mexico","Falling water - total hydraulic resources","1997","Kilowatt-hours, million","155000",""
"Mexico","Falling water - total hydraulic resources","1995","Kilowatt-hours, million","500000",""
"Mexico","Falling water - total hydraulic resources","1993","Kilowatt-hours, million","500000",""
"Mexico","Falling water - total hydraulic resources","1990","Kilowatt-hours, million","500000",""
"Mongolia","Falling water - total hydraulic resources","2008","Kilowatt-hours, million","57000",""
"Mongolia","Falling water - total hydraulic resources","2005","Kilowatt-hours, million","56000",""
"Mongolia","Falling water - total hydraulic resources","2002","Kilowatt-hours, million","6000",""
"Mongolia","Falling water - total hydraulic resources","2001","Kilowatt-hours, million","6000",""
"Mongolia","Falling water - total hydraulic resources","2000","Kilowatt-hours, million","6000",""
"Mongolia","Falling water - total hydraulic resources","1999","Kilowatt-hours, million","6000",""
"Mongolia","Falling water - total hydraulic resources","1998","Kilowatt-hours, million","6000",""
"Mongolia","Falling water - total hydraulic resources","1997","Kilowatt-hours, million","6000",""
"Montenegro","Falling water - total hydraulic resources","2008","Kilowatt-hours, million","27000",""
"Morocco","Falling water - total hydraulic resources","2008","Kilowatt-hours, million","12000",""
"Morocco","Falling water - total hydraulic resources","2005","Kilowatt-hours, million","12000",""
"Morocco","Falling water - total hydraulic resources","1997","Kilowatt-hours, million","5000",""
"Morocco","Falling water - total hydraulic resources","1995","Kilowatt-hours, million","4700",""
"Morocco","Falling water - total hydraulic resources","1993","Kilowatt-hours, million","4700",""
"Mozambique","Falling water - total hydraulic resources","2008","Kilowatt-hours, million","103000",""
"Mozambique","Falling water - total hydraulic resources","2005","Kilowatt-hours, million","95000",""
"Mozambique","Falling water - total hydraulic resources","1997","Kilowatt-hours, million","72000",""
"Mozambique","Falling water - total hydraulic resources","1995","Kilowatt-hours, million","72000",""
"Mozambique","Falling water - total hydraulic resources","1993","Kilowatt-hours, million","72000",""
"Myanmar","Falling water - total hydraulic resources","2008","Kilowatt-hours, million","348000",""
"Myanmar","Falling water - total hydraulic resources","2005","Kilowatt-hours, million","342000",""
"Myanmar","Falling water - total hydraulic resources","1997","Kilowatt-hours, million","366000",""
"Myanmar","Falling water - total hydraulic resources","1995","Kilowatt-hours, million","366000",""
"Myanmar","Falling water - total hydraulic resources","1993","Kilowatt-hours, million","366000",""
"Myanmar","Falling water - total hydraulic resources","1990","Kilowatt-hours, million","366000",""
"Namibia","Falling water - total hydraulic resources","2008","Kilowatt-hours, million","23000",""
"Namibia","Falling water - total hydraulic resources","2005","Kilowatt-hours, million","25000",""
"Namibia","Falling water - total hydraulic resources","1997","Kilowatt-hours, million","9000",""
"Namibia","Falling water - total hydraulic resources","1995","Kilowatt-hours, million","12404",""
"Namibia","Falling water - total hydraulic resources","1993","Kilowatt-hours, million","12404",""
"Nepal","Falling water - total hydraulic resources","2008","Kilowatt-hours, million","733000",""
"Nepal","Falling water - total hydraulic resources","2005","Kilowatt-hours, million","733000",""
"Nepal","Falling water - total hydraulic resources","1997","Kilowatt-hours, million","727000",""
"Nepal","Falling water - total hydraulic resources","1995","Kilowatt-hours, million","729500",""
"Nepal","Falling water - total hydraulic resources","1993","Kilowatt-hours, million","729500",""
"Nepal","Falling water - total hydraulic resources","1990","Kilowatt-hours, million","729500",""
"Netherlands","Falling water - total hydraulic resources","2008","Kilowatt-hours, million","11000",""
"Netherlands","Falling water - total hydraulic resources","2005","Kilowatt-hours, million","1000",""
"Netherlands","Falling water - total hydraulic resources","1997","Kilowatt-hours, million","1000",""
"Netherlands","Falling water - total hydraulic resources","1995","Kilowatt-hours, million","700",""
"Netherlands","Falling water - total hydraulic resources","1993","Kilowatt-hours, million","700",""
"New Caledonia","Falling water - total hydraulic resources","2008","Kilowatt-hours, million","2000",""
"New Caledonia","Falling water - total hydraulic resources","2005","Kilowatt-hours, million","2000",""
"New Zealand","Falling water - total hydraulic resources","2008","Kilowatt-hours, million","205000",""
"New Zealand","Falling water - total hydraulic resources","2005","Kilowatt-hours, million","46000",""
"New Zealand","Falling water - total hydraulic resources","1997","Kilowatt-hours, million","152000",""
"New Zealand","Falling water - total hydraulic resources","1995","Kilowatt-hours, million","152082",""
"New Zealand","Falling water - total hydraulic resources","1993","Kilowatt-hours, million","152082",""
"Nicaragua","Falling water - total hydraulic resources","2008","Kilowatt-hours, million","33000",""
"Nicaragua","Falling water - total hydraulic resources","2005","Kilowatt-hours, million","33000",""
"Nicaragua","Falling water - total hydraulic resources","1997","Kilowatt-hours, million","33000",""
"Nicaragua","Falling water - total hydraulic resources","1995","Kilowatt-hours, million","32938",""
"Nicaragua","Falling water - total hydraulic resources","1993","Kilowatt-hours, million","32938",""
"Niger","Falling water - total hydraulic resources","2008","Kilowatt-hours, million","3000",""
"Niger","Falling water - total hydraulic resources","2005","Kilowatt-hours, million","3000",""
"Niger","Falling water - total hydraulic resources","2001","Kilowatt-hours, million","1330",""
"Niger","Falling water - total hydraulic resources","2000","Kilowatt-hours, million","1330",""
"Niger","Falling water - total hydraulic resources","1999","Kilowatt-hours, million","1330",""
"Niger","Falling water - total hydraulic resources","1998","Kilowatt-hours, million","1330",""
"Niger","Falling water - total hydraulic resources","1997","Kilowatt-hours, million","1330",""
"Niger","Falling water - total hydraulic resources","1995","Kilowatt-hours, million","1330",""
"Niger","Falling water - total hydraulic resources","1993","Kilowatt-hours, million","1330",""
"Nigeria","Falling water - total hydraulic resources","2008","Kilowatt-hours, million","43000",""
"Nigeria","Falling water - total hydraulic resources","2005","Kilowatt-hours, million","43000",""
"Nigeria","Falling water - total hydraulic resources","1997","Kilowatt-hours, million","91000",""
"Nigeria","Falling water - total hydraulic resources","1995","Kilowatt-hours, million","90999",""
"Nigeria","Falling water - total hydraulic resources","1993","Kilowatt-hours, million","90999",""
"North Macedonia","Falling water - total hydraulic resources","2008","Kilowatt-hours, million","9000",""
"North Macedonia","Falling water - total hydraulic resources","2005","Kilowatt-hours, million","9000",""
"Norway","Falling water - total hydraulic resources","2008","Kilowatt-hours, million","600000",""
"Norway","Falling water - total hydraulic resources","2005","Kilowatt-hours, million","560000",""
"Norway","Falling water - total hydraulic resources","1997","Kilowatt-hours, million","600000",""
"Norway","Falling water - total hydraulic resources","1995","Kilowatt-hours, million","555000",""
"Norway","Falling water - total hydraulic resources","1993","Kilowatt-hours, million","555000",""
"Norway","Falling water - total hydraulic resources","1990","Kilowatt-hours, million","555000",""
"Other Asia","Falling water - total hydraulic resources","2008","Kilowatt-hours, million","103000",""
"Other Asia","Falling water - total hydraulic resources","2005","Kilowatt-hours, million","103000",""
"Other Asia","Falling water - total hydraulic resources","1997","Kilowatt-hours, million","103000",""
"Other Asia","Falling water - total hydraulic resources","1995","Kilowatt-hours, million","102731",""
"Other Asia","Falling water - total hydraulic resources","1993","Kilowatt-hours, million","102731",""
"Other Asia","Falling water - total hydraulic resources","1990","Kilowatt-hours, million","102050",""
"Pakistan","Falling water - total hydraulic resources","2008","Kilowatt-hours, million","475000",""
"Pakistan","Falling water - total hydraulic resources","2005","Kilowatt-hours, million","480000",""
"Pakistan","Falling water - total hydraulic resources","1997","Kilowatt-hours, million","262000",""
"Pakistan","Falling water - total hydraulic resources","1995","Kilowatt-hours, million","150000",""
"Pakistan","Falling water - total hydraulic resources","1993","Kilowatt-hours, million","150000",""
"Pakistan","Falling water - total hydraulic resources","1990","Kilowatt-hours, million","150000",""
"Panama","Falling water - total hydraulic resources","2008","Kilowatt-hours, million","26000",""
"Panama","Falling water - total hydraulic resources","2005","Kilowatt-hours, million","26000",""
"Panama","Falling water - total hydraulic resources","1997","Kilowatt-hours, million","26000",""
"Panama","Falling water - total hydraulic resources","1995","Kilowatt-hours, million","26147",""
"Panama","Falling water - total hydraulic resources","1993","Kilowatt-hours, million","26147",""
"Papua New Guinea","Falling water - total hydraulic resources","2008","Kilowatt-hours, million","175000",""
"Papua New Guinea","Falling water - total hydraulic resources","2006","Kilowatt-hours, million","175000",""
"Papua New Guinea","Falling water - total hydraulic resources","2005","Kilowatt-hours, million","175000",""
"Papua New Guinea","Falling water - total hydraulic resources","1997","Kilowatt-hours, million","175000",""
"Papua New Guinea","Falling water - total hydraulic resources","1995","Kilowatt-hours, million","175000",""
"Papua New Guinea","Falling water - total hydraulic resources","1993","Kilowatt-hours, million","175000",""
"Papua New Guinea","Falling water - total hydraulic resources","1990","Kilowatt-hours, million","175000",""
"Paraguay","Falling water - total hydraulic resources","2008","Kilowatt-hours, million","111000",""
"Paraguay","Falling water - total hydraulic resources","2005","Kilowatt-hours, million","130000",""
"Paraguay","Falling water - total hydraulic resources","1997","Kilowatt-hours, million","111000",""
"Paraguay","Falling water - total hydraulic resources","1995","Kilowatt-hours, million","50720",""
"Paraguay","Falling water - total hydraulic resources","1993","Kilowatt-hours, million","50720",""
"Paraguay","Falling water - total hydraulic resources","1990","Kilowatt-hours, million","50720",""
"Peru","Falling water - total hydraulic resources","2008","Kilowatt-hours, million","1577000",""
"Peru","Falling water - total hydraulic resources","2005","Kilowatt-hours, million","1577000",""
"Peru","Falling water - total hydraulic resources","1997","Kilowatt-hours, million","1812000",""
"Peru","Falling water - total hydraulic resources","1995","Kilowatt-hours, million","1839600",""
"Peru","Falling water - total hydraulic resources","1993","Kilowatt-hours, million","1839600",""
"Peru","Falling water - total hydraulic resources","1990","Kilowatt-hours, million","1839600",""
"Philippines","Falling water - total hydraulic resources","2008","Kilowatt-hours, million","47000",""
"Philippines","Falling water - total hydraulic resources","2005","Kilowatt-hours, million","47000",""
"Philippines","Falling water - total hydraulic resources","1997","Kilowatt-hours, million","47000",""
"Philippines","Falling water - total hydraulic resources","1995","Kilowatt-hours, million","46759",""
"Philippines","Falling water - total hydraulic resources","1993","Kilowatt-hours, million","46759",""
"Poland","Falling water - total hydraulic resources","2008","Kilowatt-hours, million","25000",""
"Poland","Falling water - total hydraulic resources","2005","Kilowatt-hours, million","23000",""
"Poland","Falling water - total hydraulic resources","1997","Kilowatt-hours, million","23000",""
"Poland","Falling water - total hydraulic resources","1993","Kilowatt-hours, million","23000",""
"Poland","Falling water - total hydraulic resources","1990","Kilowatt-hours, million","23000",""
"Portugal","Falling water - total hydraulic resources","2008","Kilowatt-hours, million","32000",""
"Portugal","Falling water - total hydraulic resources","2005","Kilowatt-hours, million","32000",""
"Portugal","Falling water - total hydraulic resources","1997","Kilowatt-hours, million","33000",""
"Portugal","Falling water - total hydraulic resources","1995","Kilowatt-hours, million","32150",""
"Portugal","Falling water - total hydraulic resources","1993","Kilowatt-hours, million","32150",""
"Portugal","Falling water - total hydraulic resources","1990","Kilowatt-hours, million","32150",""
"Republic of Moldova","Falling water - total hydraulic resources","2008","Kilowatt-hours, million","2000",""
"Republic of Moldova","Falling water - total hydraulic resources","2005","Kilowatt-hours, million","2000",""
"Republic of Moldova","Falling water - total hydraulic resources","1997","Kilowatt-hours, million","2000",""
"Republic of Moldova","Falling water - total hydraulic resources","1995","Kilowatt-hours, million","2000",""
"Republic of Moldova","Falling water - total hydraulic resources","1993","Kilowatt-hours, million","2100",""
"Romania","Falling water - total hydraulic resources","2008","Kilowatt-hours, million","70000",""
"Romania","Falling water - total hydraulic resources","2005","Kilowatt-hours, million","70000",""
"Romania","Falling water - total hydraulic resources","1997","Kilowatt-hours, million","70000",""
"Romania","Falling water - total hydraulic resources","1995","Kilowatt-hours, million","70000",""
"Romania","Falling water - total hydraulic resources","1993","Kilowatt-hours, million","70000",""
"Romania","Falling water - total hydraulic resources","1990","Kilowatt-hours, million","70000",""
"Russian Federation","Falling water - total hydraulic resources","2008","Kilowatt-hours, million","2295000",""
"Russian Federation","Falling water - total hydraulic resources","2005","Kilowatt-hours, million","2295000",""
"Russian Federation","Falling water - total hydraulic resources","1997","Kilowatt-hours, million","2400000",""
"Russian Federation","Falling water - total hydraulic resources","1995","Kilowatt-hours, million","2896000",""
"Russian Federation","Falling water - total hydraulic resources","1993","Kilowatt-hours, million","2896000",""
"Rwanda","Falling water - total hydraulic resources","2008","Kilowatt-hours, million","2000",""
"Rwanda","Falling water - total hydraulic resources","2005","Kilowatt-hours, million","2000",""
"Rwanda","Falling water - total hydraulic resources","2002","Kilowatt-hours, million","3000",""
"Rwanda","Falling water - total hydraulic resources","2001","Kilowatt-hours, million","3000",""
"Rwanda","Falling water - total hydraulic resources","2000","Kilowatt-hours, million","3000",""
"Rwanda","Falling water - total hydraulic resources","1999","Kilowatt-hours, million","3000",""
"Rwanda","Falling water - total hydraulic resources","1998","Kilowatt-hours, million","3000",""
"Rwanda","Falling water - total hydraulic resources","1997","Kilowatt-hours, million","3000",""
"Rwanda","Falling water - total hydraulic resources","1995","Kilowatt-hours, million","3000",""
"Rwanda","Falling water - total hydraulic resources","1993","Kilowatt-hours, million","3000",""
"Samoa","Falling water - total hydraulic resources","1995","Kilowatt-hours, million","140",""
"Samoa","Falling water - total hydraulic resources","1993","Kilowatt-hours, million","140",""
"Senegal","Falling water - total hydraulic resources","2008","Kilowatt-hours, million","11000",""
"Senegal","Falling water - total hydraulic resources","2005","Kilowatt-hours, million","11000",""
"Senegal","Falling water - total hydraulic resources","2002","Kilowatt-hours, million","4000",""
"Senegal","Falling water - total hydraulic resources","2001","Kilowatt-hours, million","4000",""
"Senegal","Falling water - total hydraulic resources","2000","Kilowatt-hours, million","4000",""
"Senegal","Falling water - total hydraulic resources","1999","Kilowatt-hours, million","4000",""
"Senegal","Falling water - total hydraulic resources","1998","Kilowatt-hours, million","4000",""
"Senegal","Falling water - total hydraulic resources","1997","Kilowatt-hours, million","4000",""
"Senegal","Falling water - total hydraulic resources","1995","Kilowatt-hours, million","2500",""
"Senegal","Falling water - total hydraulic resources","1993","Kilowatt-hours, million","2500",""
"Serbia","Falling water - total hydraulic resources","2008","Kilowatt-hours, million","27000",""
"Serbia","Falling water - total hydraulic resources","2005","Kilowatt-hours, million","37000",""
"Serbia and Montenegro","Falling water - total hydraulic resources","1997","Kilowatt-hours, million","118000",""
"Sierra Leone","Falling water - total hydraulic resources","2008","Kilowatt-hours, million","11000",""
"Sierra Leone","Falling water - total hydraulic resources","2007","Kilowatt-hours, million","11000",""
"Sierra Leone","Falling water - total hydraulic resources","2006","Kilowatt-hours, million","11000",""
"Sierra Leone","Falling water - total hydraulic resources","2005","Kilowatt-hours, million","11000",""
"Sierra Leone","Falling water - total hydraulic resources","2002","Kilowatt-hours, million","7000",""
"Sierra Leone","Falling water - total hydraulic resources","2001","Kilowatt-hours, million","7000",""
"Sierra Leone","Falling water - total hydraulic resources","2000","Kilowatt-hours, million","7000",""
"Sierra Leone","Falling water - total hydraulic resources","1999","Kilowatt-hours, million","7000",""
"Sierra Leone","Falling water - total hydraulic resources","1998","Kilowatt-hours, million","7000",""
"Sierra Leone","Falling water - total hydraulic resources","1997","Kilowatt-hours, million","7000",""
"Sierra Leone","Falling water - total hydraulic resources","1995","Kilowatt-hours, million","6800",""
"Sierra Leone","Falling water - total hydraulic resources","1993","Kilowatt-hours, million","6800",""
"Slovakia","Falling water - total hydraulic resources","2008","Kilowatt-hours, million","10000",""
"Slovakia","Falling water - total hydraulic resources","2005","Kilowatt-hours, million","10000",""
"Slovakia","Falling water - total hydraulic resources","1997","Kilowatt-hours, million","8000",""
"Slovakia","Falling water - total hydraulic resources","1995","Kilowatt-hours, million","15531",""
"Slovakia","Falling water - total hydraulic resources","1993","Kilowatt-hours, million","15531",""
"Slovenia","Falling water - total hydraulic resources","2005","Kilowatt-hours, million","19000",""
"Slovenia","Falling water - total hydraulic resources","1997","Kilowatt-hours, million","13000",""
"Slovenia","Falling water - total hydraulic resources","1995","Kilowatt-hours, million","12500",""
"Slovenia","Falling water - total hydraulic resources","1993","Kilowatt-hours, million","12500",""
"Solomon Islands","Falling water - total hydraulic resources","2008","Kilowatt-hours, million","3000",""
"Solomon Islands","Falling water - total hydraulic resources","2005","Kilowatt-hours, million","3000",""
"Solomon Islands","Falling water - total hydraulic resources","1997","Kilowatt-hours, million","1000",""
"Solomon Islands","Falling water - total hydraulic resources","1995","Kilowatt-hours, million","37",""
"Solomon Islands","Falling water - total hydraulic resources","1993","Kilowatt-hours, million","37",""
"Somalia","Falling water - total hydraulic resources","2008","Kilowatt-hours, million","2000",""
"Somalia","Falling water - total hydraulic resources","2006","Kilowatt-hours, million","2000",""
"Somalia","Falling water - total hydraulic resources","2005","Kilowatt-hours, million","2000",""
"Somalia","Falling water - total hydraulic resources","2002","Kilowatt-hours, million","1000",""
"Somalia","Falling water - total hydraulic resources","2001","Kilowatt-hours, million","1000",""
"Somalia","Falling water - total hydraulic resources","2000","Kilowatt-hours, million","1000",""
"Somalia","Falling water - total hydraulic resources","1999","Kilowatt-hours, million","1000",""
"Somalia","Falling water - total hydraulic resources","1998","Kilowatt-hours, million","1000",""
"Somalia","Falling water - total hydraulic resources","1997","Kilowatt-hours, million","1000",""
"Somalia","Falling water - total hydraulic resources","1995","Kilowatt-hours, million","600",""
"Somalia","Falling water - total hydraulic resources","1993","Kilowatt-hours, million","600",""
"South Africa","Falling water - total hydraulic resources","2008","Kilowatt-hours, million","73000",""
"South Africa","Falling water - total hydraulic resources","2005","Kilowatt-hours, million","73000",""
"Spain","Falling water - total hydraulic resources","2008","Kilowatt-hours, million","162000",""
"Spain","Falling water - total hydraulic resources","2005","Kilowatt-hours, million","150000",""
"Spain","Falling water - total hydraulic resources","1997","Kilowatt-hours, million","138000",""
"Spain","Falling water - total hydraulic resources","1993","Kilowatt-hours, million","138000",""
"Spain","Falling water - total hydraulic resources","1990","Kilowatt-hours, million","138000",""
"Sri Lanka","Falling water - total hydraulic resources","2008","Kilowatt-hours, million","21000",""
"Sri Lanka","Falling water - total hydraulic resources","2005","Kilowatt-hours, million","18000",""
"Sri Lanka","Falling water - total hydraulic resources","1997","Kilowatt-hours, million","7000",""
"Sri Lanka","Falling water - total hydraulic resources","1995","Kilowatt-hours, million","10000",""
"Sri Lanka","Falling water - total hydraulic resources","1993","Kilowatt-hours, million","10000",""
"Sri Lanka","Falling water - total hydraulic resources","1990","Kilowatt-hours, million","10000",""
"Sudan (former)","Falling water - total hydraulic resources","2008","Kilowatt-hours, million","48000",""
"Sudan (former)","Falling water - total hydraulic resources","2005","Kilowatt-hours, million","48000",""
"Sudan (former)","Falling water - total hydraulic resources","2002","Kilowatt-hours, million","1900",""
"Sudan (former)","Falling water - total hydraulic resources","2001","Kilowatt-hours, million","1900",""
"Sudan (former)","Falling water - total hydraulic resources","2000","Kilowatt-hours, million","1900",""
"Sudan (former)","Falling water - total hydraulic resources","1999","Kilowatt-hours, million","1900",""
"Sudan (former)","Falling water - total hydraulic resources","1998","Kilowatt-hours, million","1900",""
"Sudan (former)","Falling water - total hydraulic resources","1997","Kilowatt-hours, million","1900",""
"Sudan (former)","Falling water - total hydraulic resources","1995","Kilowatt-hours, million","1900",""
"Sudan (former)","Falling water - total hydraulic resources","1993","Kilowatt-hours, million","1900",""
"Suriname","Falling water - total hydraulic resources","2008","Kilowatt-hours, million","39000",""
"Suriname","Falling water - total hydraulic resources","2005","Kilowatt-hours, million","32000",""
"Suriname","Falling water - total hydraulic resources","1997","Kilowatt-hours, million","13000",""
"Suriname","Falling water - total hydraulic resources","1995","Kilowatt-hours, million","12840",""
"Suriname","Falling water - total hydraulic resources","1993","Kilowatt-hours, million","12840",""
"Sweden","Falling water - total hydraulic resources","2008","Kilowatt-hours, million","200000",""
"Sweden","Falling water - total hydraulic resources","2005","Kilowatt-hours, million","130000",""
"Sweden","Falling water - total hydraulic resources","1997","Kilowatt-hours, million","176000",""
"Sweden","Falling water - total hydraulic resources","1995","Kilowatt-hours, million","200000",""
"Sweden","Falling water - total hydraulic resources","1993","Kilowatt-hours, million","200000",""
"Sweden","Falling water - total hydraulic resources","1990","Kilowatt-hours, million","200000",""
"Switzerland","Falling water - total hydraulic resources","2008","Kilowatt-hours, million","125000",""
"Switzerland","Falling water - total hydraulic resources","2005","Kilowatt-hours, million","125000",""
"Switzerland","Falling water - total hydraulic resources","1997","Kilowatt-hours, million","144000",""
"Switzerland","Falling water - total hydraulic resources","1995","Kilowatt-hours, million","144000",""
"Switzerland","Falling water - total hydraulic resources","1993","Kilowatt-hours, million","144000",""
"Switzerland","Falling water - total hydraulic resources","1990","Kilowatt-hours, million","144000",""
"Syrian Arab Republic","Falling water - total hydraulic resources","2008","Kilowatt-hours, million","11000",""
"Syrian Arab Republic","Falling water - total hydraulic resources","2005","Kilowatt-hours, million","11000",""
"Syrian Arab Republic","Falling water - total hydraulic resources","1997","Kilowatt-hours, million","5000",""
"Syrian Arab Republic","Falling water - total hydraulic resources","1995","Kilowatt-hours, million","5000",""
"Syrian Arab Republic","Falling water - total hydraulic resources","1993","Kilowatt-hours, million","5000",""
"Syrian Arab Republic","Falling water - total hydraulic resources","1990","Kilowatt-hours, million","5000",""
"Tajikistan","Falling water - total hydraulic resources","2008","Kilowatt-hours, million","527000",""
"Tajikistan","Falling water - total hydraulic resources","2005","Kilowatt-hours, million","527000",""
"Tajikistan","Falling water - total hydraulic resources","1997","Kilowatt-hours, million","527000",""
"Tajikistan","Falling water - total hydraulic resources","1995","Kilowatt-hours, million","299600",""
"Tajikistan","Falling water - total hydraulic resources","1993","Kilowatt-hours, million","299600",""
"Thailand","Falling water - total hydraulic resources","2008","Kilowatt-hours, million","18000",""
"Thailand","Falling water - total hydraulic resources","2005","Kilowatt-hours, million","41000",""
"Thailand","Falling water - total hydraulic resources","1997","Kilowatt-hours, million","56000",""
"Thailand","Falling water - total hydraulic resources","1993","Kilowatt-hours, million","55500",""
"Thailand","Falling water - total hydraulic resources","1990","Kilowatt-hours, million","55500",""
"Togo","Falling water - total hydraulic resources","2008","Kilowatt-hours, million","4000",""
"Togo","Falling water - total hydraulic resources","2005","Kilowatt-hours, million","4000",""
"Togo","Falling water - total hydraulic resources","2002","Kilowatt-hours, million","2010",""
"Togo","Falling water - total hydraulic resources","2001","Kilowatt-hours, million","2010",""
"Togo","Falling water - total hydraulic resources","2000","Kilowatt-hours, million","2000",""
"Togo","Falling water - total hydraulic resources","1999","Kilowatt-hours, million","2000",""
"Togo","Falling water - total hydraulic resources","1998","Kilowatt-hours, million","2000",""
"Togo","Falling water - total hydraulic resources","1997","Kilowatt-hours, million","2000",""
"Togo","Falling water - total hydraulic resources","1996","Kilowatt-hours, million","1700",""
"Togo","Falling water - total hydraulic resources","1995","Kilowatt-hours, million","1700",""
"Togo","Falling water - total hydraulic resources","1993","Kilowatt-hours, million","1700",""
"Tunisia","Falling water - total hydraulic resources","2008","Kilowatt-hours, million","1000",""
"Tunisia","Falling water - total hydraulic resources","2005","Kilowatt-hours, million","1000",""
"Tunisia","Falling water - total hydraulic resources","2000","Kilowatt-hours, million","1000",""
"Tunisia","Falling water - total hydraulic resources","1999","Kilowatt-hours, million","1000",""
"Tunisia","Falling water - total hydraulic resources","1998","Kilowatt-hours, million","1000",""
"Tunisia","Falling water - total hydraulic resources","1997","Kilowatt-hours, million","1000",""
"Tunisia","Falling water - total hydraulic resources","1995","Kilowatt-hours, million","1000",""
"Tunisia","Falling water - total hydraulic resources","1993","Kilowatt-hours, million","1000",""
"Turkey","Falling water - total hydraulic resources","2008","Kilowatt-hours, million","433000",""
"Turkey","Falling water - total hydraulic resources","2005","Kilowatt-hours, million","433000",""
"Turkey","Falling water - total hydraulic resources","1997","Kilowatt-hours, million","433000",""
"Turkey","Falling water - total hydraulic resources","1995","Kilowatt-hours, million","433000",""
"Turkey","Falling water - total hydraulic resources","1993","Kilowatt-hours, million","433000",""
"Turkey","Falling water - total hydraulic resources","1990","Kilowatt-hours, million","433000",""
"Turkmenistan","Falling water - total hydraulic resources","2008","Kilowatt-hours, million","24000",""
"Turkmenistan","Falling water - total hydraulic resources","2005","Kilowatt-hours, million","24000",""
"Turkmenistan","Falling water - total hydraulic resources","1997","Kilowatt-hours, million","24000",""
"Turkmenistan","Falling water - total hydraulic resources","1995","Kilowatt-hours, million","23900",""
"Turkmenistan","Falling water - total hydraulic resources","1993","Kilowatt-hours, million","23900",""
"Uganda","Falling water - total hydraulic resources","2008","Kilowatt-hours, million","33000",""
"Uganda","Falling water - total hydraulic resources","2005","Kilowatt-hours, million","18000",""
"Uganda","Falling water - total hydraulic resources","2002","Kilowatt-hours, million","13000",""
"Uganda","Falling water - total hydraulic resources","2001","Kilowatt-hours, million","13000",""
"Uganda","Falling water - total hydraulic resources","2000","Kilowatt-hours, million","13000",""
"Uganda","Falling water - total hydraulic resources","1999","Kilowatt-hours, million","13000",""
"Uganda","Falling water - total hydraulic resources","1997","Kilowatt-hours, million","13000",""
"Uganda","Falling water - total hydraulic resources","1996","Kilowatt-hours, million","10200",""
"Uganda","Falling water - total hydraulic resources","1995","Kilowatt-hours, million","10200",""
"Uganda","Falling water - total hydraulic resources","1994","Kilowatt-hours, million","10200",""
"Uganda","Falling water - total hydraulic resources","1993","Kilowatt-hours, million","10200",""
"Ukraine","Falling water - total hydraulic resources","2008","Kilowatt-hours, million","45000",""
"Ukraine","Falling water - total hydraulic resources","2005","Kilowatt-hours, million","45000",""
"Ukraine","Falling water - total hydraulic resources","1997","Kilowatt-hours, million","45000",""
"Ukraine","Falling water - total hydraulic resources","1995","Kilowatt-hours, million","44700",""
"Ukraine","Falling water - total hydraulic resources","1993","Kilowatt-hours, million","44700",""
"United Kingdom","Falling water - total hydraulic resources","2008","Kilowatt-hours, million","35000",""
"United Kingdom","Falling water - total hydraulic resources","2005","Kilowatt-hours, million","40000",""
"United Kingdom","Falling water - total hydraulic resources","1997","Kilowatt-hours, million","8000",""
"United Kingdom","Falling water - total hydraulic resources","1995","Kilowatt-hours, million","7500",""
"United Kingdom","Falling water - total hydraulic resources","1993","Kilowatt-hours, million","7500",""
"United Kingdom","Falling water - total hydraulic resources","1990","Kilowatt-hours, million","7500",""
"United Rep. of Tanzania","Falling water - total hydraulic resources","2008","Kilowatt-hours, million","39000",""
"United Rep. of Tanzania","Falling water - total hydraulic resources","2005","Kilowatt-hours, million","47000",""
"United Rep. of Tanzania","Falling water - total hydraulic resources","2001","Kilowatt-hours, million","190000",""
"United Rep. of Tanzania","Falling water - total hydraulic resources","2000","Kilowatt-hours, million","190000",""
"United Rep. of Tanzania","Falling water - total hydraulic resources","1999","Kilowatt-hours, million","190000",""
"United Rep. of Tanzania","Falling water - total hydraulic resources","1998","Kilowatt-hours, million","190000",""
"United Rep. of Tanzania","Falling water - total hydraulic resources","1997","Kilowatt-hours, million","190000",""
"United Rep. of Tanzania","Falling water - total hydraulic resources","1995","Kilowatt-hours, million","190000",""
"United Rep. of Tanzania","Falling water - total hydraulic resources","1993","Kilowatt-hours, million","190000",""
"United States","Falling water - total hydraulic resources","2008","Kilowatt-hours, million","2040000",""
"United States","Falling water - total hydraulic resources","2005","Kilowatt-hours, million","4485000",""
"United States","Falling water - total hydraulic resources","2002","Kilowatt-hours, million","528500",""
"United States","Falling water - total hydraulic resources","2001","Kilowatt-hours, million","528500",""
"United States","Falling water - total hydraulic resources","2000","Kilowatt-hours, million","528500",""
"United States","Falling water - total hydraulic resources","1999","Kilowatt-hours, million","528500",""
"United States","Falling water - total hydraulic resources","1998","Kilowatt-hours, million","528500",""
"United States","Falling water - total hydraulic resources","1997","Kilowatt-hours, million","528500",""
"United States","Falling water - total hydraulic resources","1995","Kilowatt-hours, million","528500",""
"United States","Falling water - total hydraulic resources","1993","Kilowatt-hours, million","528500",""
"Uruguay","Falling water - total hydraulic resources","2008","Kilowatt-hours, million","32000",""
"Uruguay","Falling water - total hydraulic resources","2005","Kilowatt-hours, million","32000",""
"Uruguay","Falling water - total hydraulic resources","1997","Kilowatt-hours, million","32000",""
"Uruguay","Falling water - total hydraulic resources","1995","Kilowatt-hours, million","32000",""
"Uruguay","Falling water - total hydraulic resources","1993","Kilowatt-hours, million","32000",""
"USSR (former)","Falling water - total hydraulic resources","1990","Kilowatt-hours, million","3942",""
"Uzbekistan","Falling water - total hydraulic resources","2008","Kilowatt-hours, million","88000",""
"Uzbekistan","Falling water - total hydraulic resources","2005","Kilowatt-hours, million","88000",""
"Uzbekistan","Falling water - total hydraulic resources","1997","Kilowatt-hours, million","88000",""
"Uzbekistan","Falling water - total hydraulic resources","1995","Kilowatt-hours, million","88000",""
"Uzbekistan","Falling water - total hydraulic resources","1993","Kilowatt-hours, million","88000",""
"Venezuela (Bolivar. Rep.)","Falling water - total hydraulic resources","2008","Kilowatt-hours, million","731000",""
"Venezuela (Bolivar. Rep.)","Falling water - total hydraulic resources","2005","Kilowatt-hours, million","320000",""
"Venezuela (Bolivar. Rep.)","Falling water - total hydraulic resources","1997","Kilowatt-hours, million","345000",""
"Venezuela (Bolivar. Rep.)","Falling water - total hydraulic resources","1995","Kilowatt-hours, million","287328",""
"Venezuela (Bolivar. Rep.)","Falling water - total hydraulic resources","1993","Kilowatt-hours, million","287328",""
"Venezuela (Bolivar. Rep.)","Falling water - total hydraulic resources","1990","Kilowatt-hours, million","335000",""
"Viet Nam","Falling water - total hydraulic resources","2008","Kilowatt-hours, million","300000",""
"Viet Nam","Falling water - total hydraulic resources","2005","Kilowatt-hours, million","300000",""
"Viet Nam","Falling water - total hydraulic resources","2002","Kilowatt-hours, million","300000",""
"Viet Nam","Falling water - total hydraulic resources","2001","Kilowatt-hours, million","300000",""
"Viet Nam","Falling water - total hydraulic resources","2000","Kilowatt-hours, million","300000",""
"Viet Nam","Falling water - total hydraulic resources","1999","Kilowatt-hours, million","300000",""
"Viet Nam","Falling water - total hydraulic resources","1998","Kilowatt-hours, million","300000",""
"Viet Nam","Falling water - total hydraulic resources","1997","Kilowatt-hours, million","300000",""
"Viet Nam","Falling water - total hydraulic resources","1995","Kilowatt-hours, million","6490",""
"Viet Nam","Falling water - total hydraulic resources","1993","Kilowatt-hours, million","6490",""
"Yugoslavia, SFR (former)","Falling water - total hydraulic resources","1990","Kilowatt-hours, million","118000",""
"Zambia","Falling water - total hydraulic resources","2008","Kilowatt-hours, million","53000",""
"Zambia","Falling water - total hydraulic resources","2005","Kilowatt-hours, million","53000",""
"Zambia","Falling water - total hydraulic resources","1997","Kilowatt-hours, million","29000",""
"Zambia","Falling water - total hydraulic resources","1995","Kilowatt-hours, million","28753",""
"Zambia","Falling water - total hydraulic resources","1993","Kilowatt-hours, million","28753",""
"Zimbabwe","Falling water - total hydraulic resources","2008","Kilowatt-hours, million","44000",""
"Zimbabwe","Falling water - total hydraulic resources","2005","Kilowatt-hours, million","44000",""
"Zimbabwe","Falling water - total hydraulic resources","1997","Kilowatt-hours, million","19000",""
"Zimbabwe","Falling water - total hydraulic resources","1993","Kilowatt-hours, million","18500",""
"Zimbabwe","Falling water - total hydraulic resources","1990","Kilowatt-hours, million","18500",""